,MAE,RMSE,R2,IAE,TotalCost,ISL,TotalStockouts,ImmediateFulfilled,BackorderFulfilled
MAE,1.0,0.9981993169347664,0.35307230251706084,-0.6086208652940934,0.9733755552384731,-0.7911915807630094,0.9937808731729713,0.9988134907966456,0.9723254430512774
RMSE,0.9981993169347664,1.0,0.38467564349603584,-0.6143010500272384,0.981402910616877,-0.81787305128565,0.991409751684618,0.9985625911298684,0.9754944138954232
R2,0.35307230251706084,0.38467564349603584,1.0,-0.766305608742571,0.37272040788457483,-0.4322325370153023,0.3240464182003419,0.370744547059178,0.355089992827279
IAE,-0.6086208652940934,-0.6143010500272384,-0.766305608742571,1.0,-0.5709157496484163,0.4495246848009676,-0.5826918160679919,-0.6160288247543207,-0.5634346542147636
TotalCost,0.9733755552384731,0.981402910616877,0.37272040788457483,-0.5709157496484163,1.0,-0.9019495239171982,0.9791197609780001,0.9755032544923372,0.9854524807232455
ISL,-0.7911915807630094,-0.81787305128565,-0.4322325370153023,0.4495246848009676,-0.9019495239171982,1.0,-0.8224530412463171,-0.8066325293210476,-0.8891292918461535
TotalStockouts,0.9937808731729713,0.991409751684618,0.3240464182003419,-0.5826918160679919,0.9791197609780001,-0.8224530412463171,1.0,0.9934523459308645,0.9895482418603929
ImmediateFulfilled,0.9988134907966456,0.9985625911298684,0.370744547059178,-0.6160288247543207,0.9755032544923372,-0.8066325293210476,0.9934523459308645,1.0,0.9760706025364285
BackorderFulfilled,0.9723254430512774,0.9754944138954232,0.355089992827279,-0.5634346542147636,0.9854524807232455,-0.8891292918461535,0.9895482418603929,0.9760706025364285,1.0
