,MAE,RMSE,R2,IAE,TotalCost,ISL,TotalStockouts,ImmediateFulfilled,BackorderFulfilled
MAE,1.0,0.9982247177595961,0.3532159883755854,-0.6108656497233033,0.973477531250992,-0.7912490093259804,0.9936929825393337,0.9988154596325521,0.9719843328006961
RMSE,0.9982247177595961,1.0,0.3847106288236273,-0.6165361362924148,0.981447212707339,-0.8177881231940533,0.9913495101200995,0.9985340047583458,0.9751330700151775
R2,0.3532159883755854,0.3847106288236273,1.0,-0.7657531766585451,0.372591368486904,-0.4320835699854026,0.323975223499888,0.37066872030822223,0.3548320011495086
IAE,-0.6108656497233033,-0.6165361362924148,-0.7657531766585451,1.0,-0.5735939287811784,0.4522701322863616,-0.5848649971653651,-0.6181315607978789,-0.5654573981575717
TotalCost,0.973477531250992,0.981447212707339,0.372591368486904,-0.5735939287811784,1.0,-0.9019290224443421,0.9791197143988308,0.9755013472533576,0.9853056366541799
ISL,-0.7912490093259804,-0.8177881231940533,-0.4320835699854026,0.4522701322863616,-0.9019290224443421,1.0,-0.822486132126993,-0.8064745146049928,-0.8890897261911
TotalStockouts,0.9936929825393337,0.9913495101200995,0.323975223499888,-0.5848649971653651,0.9791197143988308,-0.822486132126993,1.0,0.9934496230655715,0.9894774669779293
ImmediateFulfilled,0.9988154596325521,0.9985340047583458,0.37066872030822223,-0.6181315607978789,0.9755013472533576,-0.8064745146049928,0.9934496230655715,1.0,0.975752498754722
BackorderFulfilled,0.9719843328006961,0.9751330700151775,0.3548320011495086,-0.5654573981575717,0.9853056366541799,-0.8890897261911,0.9894774669779293,0.975752498754722,1.0
