,MAE_weight,sigma(MAE),RMSE_mean,sigma(RMSE),R2_mean,sigma(R2),IAE_mean,sigma(IAE),TotalCost_all,TotalCost_mean,sigma(TotalCost),ISL_all,ISL_mean,sigma(ISL),StockoutsRate_all,StockoutsRate_mean,sigma(StockoutsRate),CostPerDemand,CostPerDemand_mean,sigma(CostPerDemand)
RandomForest,0.5763184723690652,0.176855409447579,0.4746391571088639,0.24556672751825565,-0.7275038555712058,0.9063640324326738,0.8840655790180306,0.0461748254410805,3057.921231315493,277.99283921049937,382.102193696515,0.9912810360967124,0.996148773417627,0.00520437095357458,0.010638297872340425,0.0044453446776997535,0.005934141789549655,3.2531076928888223,1.66291664871453,1.935345629617876
