,MAE_weight,sigma(MAE),RMSE_mean,sigma(RMSE),R2_mean,sigma(R2),IAE_mean,sigma(IAE),TotalCost_all,TotalCost_mean,sigma(TotalCost),ISL_all,ISL_mean,sigma(ISL),StockoutsRate_all,StockoutsRate_mean,sigma(StockoutsRate),CostPerDemand,CostPerDemand_mean,sigma(CostPerDemand)
RandomForest,0.5764545752400161,0.1768140605647257,0.47485258263377117,0.24546101102950008,-0.7300919059829176,0.9090726905205124,0.8837010446209784,0.046191344089100896,3057.8800454028715,277.9890950366247,382.0996605582635,0.9912705516378726,0.9961459163135093,0.005208791103796119,0.010638297872340425,0.0044453446776997535,0.005934141789549655,3.2530638780881613,1.6628774817499612,1.9352657052273492
