,MAE,RMSE,R2,IAE,TotalCost,ISL,TotalStockouts,ImmediateFulfilled,BackorderFulfilled
MAE,1.0,0.9956878741397057,0.13245039500654038,-0.5205372388088365,0.9863102123459637,,,0.9562051620967417,
RMSE,0.9956878741397057,1.0,0.12811639016248022,-0.5541078640960151,0.9744074844883299,,,0.9662344978338537,
R2,0.13245039500654038,0.12811639016248022,1.0,-0.7150536535801919,0.25711738383878135,,,0.2790805821001025,
IAE,-0.5205372388088365,-0.5541078640960151,-0.7150536535801919,1.0,-0.5481667071901919,,,-0.711001995522175,
TotalCost,0.9863102123459637,0.9744074844883299,0.25711738383878135,-0.5481667071901919,1.0,,,0.9412601154895502,
ISL,,,,,,,,,
TotalStockouts,,,,,,,,,
ImmediateFulfilled,0.9562051620967417,0.9662344978338537,0.2790805821001025,-0.711001995522175,0.9412601154895502,,,1.0,
BackorderFulfilled,,,,,,,,,
