,MAE,RMSE,R2,IAE,TotalCost,ISL,TotalStockouts,ImmediateFulfilled,BackorderFulfilled
MAE,1.0,0.9955953694168012,0.1289252459474258,-0.5076543825606173,0.9855263338496951,,,0.9556262791909597,
RMSE,0.9955953694168012,1.0,0.12140745269682146,-0.5398678413282886,0.972729815076154,,,0.9653718039597187,
R2,0.1289252459474258,0.12140745269682146,1.0,-0.722190844204071,0.25785320068887185,,,0.2792916523417978,
IAE,-0.5076543825606173,-0.5398678413282886,-0.722190844204071,1.0,-0.5388064337826312,,,-0.70087647348059,
TotalCost,0.9855263338496951,0.972729815076154,0.25785320068887185,-0.5388064337826312,1.0,,,0.9411556579359318,
ISL,,,,,,,,,
TotalStockouts,,,,,,,,,
ImmediateFulfilled,0.9556262791909597,0.9653718039597187,0.2792916523417978,-0.70087647348059,0.9411556579359318,,,1.0,
BackorderFulfilled,,,,,,,,,
