,MAE_weight,sigma(MAE),RMSE_mean,sigma(RMSE),R2_mean,sigma(R2),IAE_mean,sigma(IAE),TotalCost_all,TotalCost_mean,sigma(TotalCost),ISL_all,ISL_mean,sigma(ISL),StockoutsRate_all,StockoutsRate_mean,sigma(StockoutsRate),CostPerDemand,CostPerDemand_mean,sigma(CostPerDemand)
RandomForest,0.5316120995570464,0.18809461013339854,0.42291288785975956,0.20900527797597263,-0.6845008952733386,2.0094287545524665,0.838415944958356,0.07197185591851206,840.9953219178086,76.45412017434624,97.2145754513894,1.0,1.0,0.0,0.0,0.0,0.0,0.8946758743806474,0.5908386201111459,0.511073886312649
