,MAE_weight,sigma(MAE),RMSE_mean,sigma(RMSE),R2_mean,sigma(R2),IAE_mean,sigma(IAE),TotalCost_all,TotalCost_mean,sigma(TotalCost),ISL_all,ISL_mean,sigma(ISL),StockoutsRate_all,StockoutsRate_mean,sigma(StockoutsRate),CostPerDemand,CostPerDemand_mean,sigma(CostPerDemand)
RandomForest,0.531284951667162,0.18817544286932078,0.4228548093503749,0.20913184188818404,-0.6728578818010764,1.9652812773412192,0.8397166666594135,0.07104181890678392,840.4185506849318,76.4016864259029,97.15259191076703,1.0,1.0,0.0,0.0,0.0,0.0,0.8940622879626934,0.5904742974229555,0.510532197135824
