,MAE,RMSE,R2,IAE,TotalCost,ISL,TotalStockouts,ImmediateFulfilled,BackorderFulfilled
MAE,1.0,0.9896492236712372,-0.6094439516578914,-0.7710757644501388,0.8906344842449363,,,0.9663917799962943,
RMSE,0.9896492236712372,1.0,-0.6206041348061558,-0.7610409991940623,0.8636896384415431,,,0.9791583023839883,
R2,-0.6094439516578914,-0.6206041348061558,1.0,0.4601167408274279,-0.4305615928112564,,,-0.5911663985142771,
IAE,-0.7710757644501388,-0.7610409991940623,0.4601167408274279,1.0,-0.43854771677213494,,,-0.7776114018981861,
TotalCost,0.8906344842449363,0.8636896384415431,-0.4305615928112564,-0.43854771677213494,1.0,,,0.8009728170418043,
ISL,,,,,,,,,
TotalStockouts,,,,,,,,,
ImmediateFulfilled,0.9663917799962943,0.9791583023839883,-0.5911663985142771,-0.7776114018981861,0.8009728170418043,,,1.0,
BackorderFulfilled,,,,,,,,,
